Student_ID,Submission_Date,Document_Type,Review_Status,Reviewer_Name
e8808e4b-5c2a-48f7-8cb6-82ba873c9a0a,2025-02-14,LinkedIn Profile,Pending,Tonya Thompson MD
a9b45e65-8f0a-42a1-98be-c4554aa2f2dc,2025-01-13,Resume,Needs Revision,Zachary Mccullough
0a1c98a7-bcb4-4619-9122-a1a1de3673a2,2025-01-27,LinkedIn Profile,Needs Revision,Timothy Watson
8b27d154-5781-4233-847f-d5d56b954473,2025-02-01,Cover Letter,Pending,Nicole Wilkinson
85d781f6-f823-4b5d-a8c6-27d4ddc59db7,2025-01-15,LinkedIn Profile,Needs Revision,Barry Hill
d8cb5076-88e7-4b9c-9777-77fcb55ad7d2,2025-03-03,Resume,Pending,Paul Gonzalez
26b335e2-f813-4a61-973f-293d88276b3a,2025-01-13,LinkedIn Profile,Pending,Michael Flowers
ac397c45-1c6b-429b-9189-9a69c6596d15,2025-01-07,Resume,Reviewed,Donald White
cabccec3-847a-4795-969a-d76f5780ce0a,2025-01-31,Personal Statement,Reviewed,David Gonzalez
f632a3e2-03ad-4b64-94c7-ee50ee8dbf8a,2025-01-28,Cover Letter,Reviewed,Dean Henry
e5d72183-c225-4ac9-b60e-991348f11065,2025-01-23,Personal Statement,Reviewed,Jason Mendez
4541197a-11f4-4ce7-b96c-820a8d12e392,2025-01-09,Cover Letter,Needs Revision,Courtney Barnes
c9eba445-3cb1-4ffb-beb0-6d648e22706e,2025-02-08,LinkedIn Profile,Needs Revision,Stephanie Bell
be2965f5-10ff-44ae-a5a7-212f7efecf01,2025-02-22,Personal Statement,Needs Revision,Rebecca Rodriguez
efc7d1e3-a382-491d-9ac3-7fdb98f49496,2025-02-11,Cover Letter,Pending,Sherry Huang
3cfb0465-f1cf-480f-b702-a183b0485cf1,2025-01-17,Cover Letter,Pending,Lori Owens
04e2322b-2bc6-4c6e-96d9-fbd4bbf58317,2025-01-21,Resume,Pending,Alison Vance
6e3afcd4-92e1-4d54-a4dc-5c1d1a1df5b6,2025-01-02,Cover Letter,Reviewed,Jessica Campos
78b2de7b-aec6-4e12-9646-9d1a659b3ea9,2025-02-28,Cover Letter,Reviewed,Mr. Jerry Hernandez
d61ecc8e-ebbd-426a-8494-6f553aeb729a,2025-01-19,Cover Letter,Needs Revision,Tina Johnson MD
1e73f316-8347-4e4f-9f4e-c69993dc297d,2025-02-23,Resume,Reviewed,Erica Gross
b1c2eb46-e45a-4849-ad94-51bba30828c3,2025-02-05,Personal Statement,Pending,Tammy Sawyer
29e32cf2-1a9c-46f2-9bf0-d832d5f300c3,2025-02-11,Cover Letter,Pending,Cassandra Burch
5379752a-9a3f-4f96-96a3-012e4d75b2e9,2025-02-08,Personal Statement,Reviewed,William Buchanan
290851af-3172-442b-aa0c-e07e62a6588f,2025-02-08,LinkedIn Profile,Needs Revision,Hannah Thomas
d41039f6-eb8d-4bed-a3a1-3f6c53011797,2025-03-10,Resume,Pending,Kevin Coleman
8328fc38-1dd9-49a1-85dd-e69ca6e3617e,2025-02-16,Cover Letter,Pending,Dominique Hall
7741b252-bb6b-4dde-8d8b-b16451e8f5e0,2025-03-04,Cover Letter,Pending,Kim Gross
70acf755-aefb-4b69-8b07-52df196594e8,2025-01-08,LinkedIn Profile,Needs Revision,Elizabeth Carr
3f42da45-1ac1-4a53-a332-2968c77d7793,2025-01-04,Resume,Needs Revision,Jesse Patrick
11bf63a7-fb29-4289-8981-c313b0b9ec1e,2025-01-29,Cover Letter,Pending,Mary Simpson
e681c3da-7cb0-4efb-adf4-0e76dfc66ef9,2025-01-03,Resume,Pending,Sarah Sanders
20302053-6e2a-4740-bd79-8003b172ee5e,2025-02-26,Personal Statement,Reviewed,Katherine Graham
6eb5cc5a-e963-4f7c-917f-b1b8b588c29d,2025-02-13,LinkedIn Profile,Needs Revision,Dave Berg
f32a42ea-ef76-468d-a2a5-23cec0d4a07e,2025-03-05,Resume,Reviewed,Randy Romero
fbce5c6d-b791-49a0-bb44-9b068279cb69,2025-01-14,LinkedIn Profile,Pending,Stephanie Robertson
5544d7c2-72bb-4fb1-9d7a-600835bee7eb,2025-01-25,LinkedIn Profile,Needs Revision,Mark Williams
14a884c5-86ee-4644-ae00-00da9f654453,2025-01-21,Cover Letter,Pending,Amanda Kim
ed447594-fc34-4d8a-9145-cefa4e9fc41d,2025-01-18,Cover Letter,Pending,Jessica Rice
cbd97609-c565-4dd3-baa0-82ddc45a6a60,2025-03-03,LinkedIn Profile,Pending,Rebecca Watkins
490c6f6a-3a4a-4fb2-a5ef-a5854ff576af,2025-03-17,Cover Letter,Reviewed,John Diaz
442298d7-e998-44cc-af50-a101941a6906,2025-02-13,Resume,Pending,Rebecca Brown
d1888bce-9269-45f8-a54f-242ccd0c40eb,2025-02-21,Cover Letter,Reviewed,Thomas Mitchell
bbba8c50-707b-4173-8373-f9ebe5061e58,2025-02-09,LinkedIn Profile,Pending,Sabrina Delgado
2b35190c-4ac5-49ac-bb90-c3efeb89b98c,2025-02-18,LinkedIn Profile,Needs Revision,James Kim
c4affbce-0ef1-46d8-a4f6-90b55c9a9051,2025-02-17,Cover Letter,Pending,David Marks
f503eea8-702c-4748-9295-50cae1b1e54c,2025-02-19,LinkedIn Profile,Reviewed,Grace Taylor
d16c0bdf-f9d1-4f65-a7b7-000512bc3ebc,2025-01-15,Personal Statement,Pending,Thomas Carter
38cad91a-03a8-4070-8b54-da74c513d019,2025-01-01,Cover Letter,Reviewed,Lisa Hale
0273b164-b8cf-4beb-bb1d-f3a7dbac3c47,2025-03-01,Cover Letter,Needs Revision,Julie Reed
1ccdb2ca-3166-46ca-a375-2c4cdbd829ec,2025-01-10,LinkedIn Profile,Pending,Joseph Rogers
92ecf065-dbcc-45e6-94bb-2a4d7fbe6f65,2025-01-11,Personal Statement,Pending,Bryan Rios
4c476d0c-b4ac-46d1-8c36-521cfdc46f05,2025-03-11,LinkedIn Profile,Pending,Robert Daniels
9f68bb8f-8eaf-4c49-bae0-161c6f7dca21,2025-03-18,LinkedIn Profile,Pending,Gina Allen
87c13ceb-c219-48dc-922f-e45d4bf91da8,2025-01-12,Resume,Pending,Maria Duncan
91a46741-7f2b-40d8-b1fb-61c7b5276117,2025-02-05,Resume,Reviewed,Joseph Villarreal
624a346d-4a56-4696-9958-24aa7287bac4,2025-03-02,Cover Letter,Reviewed,Linda Rasmussen
bf48a325-c78f-4165-b603-f5fdc0558321,2025-02-14,Cover Letter,Pending,Erica Castro
6392df1a-6d0e-4eea-872e-e6d5149607b7,2025-02-07,Personal Statement,Needs Revision,Kimberly Hale
b44d1b51-3f65-4cc1-81c4-2837729fc782,2025-03-05,Resume,Pending,Laura Watson
aa2b04be-c15e-4109-aee0-29da98470363,2025-03-09,Cover Letter,Pending,Amber Benson MD
932136c6-782e-44b9-9f9c-09f2b434d58e,2025-02-08,Cover Letter,Reviewed,Eric Fischer
6ae9889a-fb2d-48c5-ba46-7aa43ecce136,2025-02-03,LinkedIn Profile,Pending,Marvin Jones
b7a651df-4390-4573-9328-6cf65aa420ea,2025-01-01,Cover Letter,Reviewed,Michael Robinson
f221aaf0-a5af-40f3-a333-e768bb7d7c25,2025-01-03,Personal Statement,Pending,Richard Mcmillan
35fccf04-541d-41b5-b781-518b6fc3a6d0,2025-01-14,Cover Letter,Pending,Christopher Martinez
a51ee335-6f06-4d6e-9bb2-3d12f4b08c9e,2025-03-03,Resume,Pending,Jorge Burton
784c16c8-c348-44d1-b134-a3037d21b85f,2025-02-20,Cover Letter,Pending,Eileen Buckley
6d5f1a97-c912-4b2a-9d18-321b98e41c9b,2025-03-06,LinkedIn Profile,Reviewed,Anna Bowman
91bcb9e5-f5bf-473a-8e80-c173807623ff,2025-01-11,Cover Letter,Needs Revision,Matthew Velez
4f1c3c35-d8ba-4b41-90b9-a7f237ae9871,2025-02-13,Personal Statement,Pending,Tony Lewis
65533903-b078-493c-a037-186b7e1e5d6c,2025-01-22,Cover Letter,Pending,Joel Aguilar
0cb99aca-0db4-4447-83a7-ba06e17df6ef,2025-01-16,LinkedIn Profile,Pending,Danielle Lopez
00dc6627-8179-4e14-9d2a-9b8ef3d13399,2025-03-04,Cover Letter,Reviewed,Tim Garcia
19eda96f-4a88-4ecc-ae12-69a1c221f751,2025-01-17,Personal Statement,Reviewed,Nancy Jones
0950dcf4-5615-44b3-aa81-438c37d17637,2025-01-22,Personal Statement,Needs Revision,Jill Burke
66d20c82-b84d-4f2f-ba02-8f4037db2c0b,2025-01-19,Personal Statement,Pending,Steven Sandoval MD
4afd3b71-a387-47d0-a165-3f34abff39ef,2025-01-30,Cover Letter,Pending,Justin Webb
d77c69c6-75fb-4d37-b040-9eed1644545f,2025-02-21,Resume,Needs Revision,Tiffany Duncan
e307fb19-be2a-4e6e-97b8-4bbda8fa5e05,2025-03-17,Personal Statement,Pending,Robert Aguilar
0025d01a-3d29-4421-a9aa-f160c1041004,2025-01-15,Personal Statement,Pending,Jamie Wilson
19e0022e-5477-482f-98fa-551432bb92ba,2025-02-19,Cover Letter,Reviewed,Ryan Burns
a3f2b8e0-4b66-484c-8ca2-0ec1848227c6,2025-01-04,Resume,Reviewed,Jessica Landry
a14cbc14-c080-42ad-aaec-8ddcdbdf3334,2025-01-23,Resume,Reviewed,David Harrison
d88ebe0d-3049-4e3d-acce-4f93fc48d9a6,2025-03-08,Cover Letter,Needs Revision,Donald Foster
283a784d-08fd-4b56-be01-294e8bfd9dba,2025-02-28,Personal Statement,Needs Revision,Brian Byrd
f6c420d3-0357-42ba-ba12-f347178f8904,2025-01-02,LinkedIn Profile,Pending,Dawn Henderson
feb50268-b921-48e2-b3f4-8f895d218c72,2025-02-02,Cover Letter,Needs Revision,Ricky Newman
1e575015-fbce-4acb-85ab-f98892d15fbc,2025-01-02,LinkedIn Profile,Reviewed,Jeffrey Holmes
61dfe0b7-3456-4b9d-b96f-26d243cccab4,2025-02-28,Cover Letter,Reviewed,Sheila Castillo
808f9e73-66ee-4b30-8f7d-6afea30fb92b,2025-02-03,LinkedIn Profile,Needs Revision,Melissa Anderson
5732ae47-cfe5-4828-b335-ba4070d5f9f4,2025-01-27,Cover Letter,Needs Revision,Sonya Cole
a73077ed-52e8-4efe-950a-993e7716b4a5,2025-01-26,Resume,Pending,John Carroll
d6596e4c-79a8-497b-829e-ca5eba85b86e,2025-01-27,Cover Letter,Needs Revision,Bryan Williams
0081030f-1791-49c1-b867-7c4a0db6a253,2025-01-09,Resume,Pending,Rodney Glenn
54eb5b1a-add7-4f51-9d45-5a8239f79dc5,2025-01-03,Cover Letter,Needs Revision,Tabitha Christensen
4b0512aa-7dd8-4dca-8e3a-59d08d28df40,2025-01-24,Personal Statement,Needs Revision,Patrick Clark
783595b2-e07d-4398-9504-59e1f4e5e6e5,2025-01-16,Resume,Reviewed,Tara Wells
b491a000-6df0-4c8d-a6c3-218c7d321f39,2025-03-10,Cover Letter,Pending,David Lawrence
0e9e078b-7565-42a0-9ac1-2a99aba31734,2025-01-09,Resume,Needs Revision,Lisa Lowe
